Person Name,Person ID,Date,Start,End
Scott Scala,21,2.3.2014,6:00,14:00
Janet Java,11,3.3.2014,9:30,17:00
Scott Scala,21,3.3.2014,8:15,16:00
Larry Lolcode,31,3.3.2014,18:00,19:00
Janet Java,11,4.3.2014,9:45,16:30
Scott Scala,21,4.3.2014,8:30,16:30
Janet Java,11,5.3.2014,8:00,16:30
Scott Scala,21,5.3.2014,9:00,17:00
Janet Java,11,6.3.2014,8:00,12:00
Janet Java,11,6.3.2014,16:00,22:00
Scott Scala,21,6.3.2014,8:15,17:00
Larry Lolcode,31,6.3.2014,5:00,10:00
Janet Java,11,7.3.2014,9:00,17:00
Scott Scala,21,7.3.2014,8:15,17:00
Larry Lolcode,31,7.3.2014,5:00,10:00
Scott Scala,21,9.3.2014,14:00,16:00
Janet Java,11,10.3.2014,8:45,16:45
Scott Scala,21,10.3.2014,8:15,16:15
Scott Scala,21,10.3.2014,22:00,23:00
Larry Lolcode,31,10.3.2014,8:00,16:00
Janet Java,11,11.3.2014,9:00,17:30
Scott Scala,21,11.3.2014,8:30,17:00
Janet Java,11,12.3.2014,16:00,2:00
Scott Scala,21,12.3.2014,9:00,17:30
Larry Lolcode,31,12.3.2014,12:30,12:45
Janet Java,11,13.3.2014,10:00,15:00
Scott Scala,21,13.3.2014,14:00,1:15
Larry Lolcode,31,13.3.2014,10:00,11:00
Janet Java,11,14.3.2014,9:00,17:00
Scott Scala,21,14.3.2014,9:30,17:00
Larry Lolcode,31,14.3.2014,8:45,15:45
Larry Lolcode,31,15.3.2014,9:00,10:15
Larry Lolcode,31,15.3.2014,12:30,13:15
Larry Lolcode,31,15.3.2014,15:30,17:15
Janet Java,11,16.3.2014,8:00,22:00
Janet Java,11,17.3.2014,8:45,16:45
Scott Scala,21,17.3.2014,8:30,16:30
Larry Lolcode,31,17.3.2014,8:30,15:30
Janet Java,11,18.3.2014,9:30,16:30
Scott Scala,21,18.3.2014,8:30,16:30
Larry Lolcode,31,18.3.2014,9:00,15:45
Janet Java,11,19.3.2014,9:30,16:30
Scott Scala,21,19.3.2014,12:00,14:00
Larry Lolcode,31,19.3.2014,8:30,15:45
Janet Java,11,20.3.2014,2:00,6:00
Janet Java,11,20.3.2014,10:00,19:00
Scott Scala,21,20.3.2014,12:00,14:00
Larry Lolcode,31,20.3.2014,1:00,3:00
Janet Java,11,21.3.2014,8:15,16:15
Scott Scala,21,21.3.2014,10:00,18:00
Larry Lolcode,31,21.3.2014,6:00,17:00
Scott Scala,21,23.3.2014,14:00,14:30
Scott Scala,21,23.3.2014,15:00,15:15
Janet Java,11,24.3.2014,8:45,16:30
Scott Scala,21,24.3.2014,22:00,6:00
Janet Java,11,25.3.2014,9:30,18:30
Scott Scala,21,25.3.2014,9:30,17:30
Larry Lolcode,31,25.3.2014,9:00,16:00
Janet Java,11,26.3.2014,9:30,16:45
Scott Scala,21,26.3.2014,10:00,18:00
Larry Lolcode,31,26.3.2014,0:30,24:00
Janet Java,11,27.3.2014,9:00,16:45
Scott Scala,21,27.3.2014,9:00,17:00
Janet Java,11,28.3.2014,10:00,14:00
Scott Scala,21,28.3.2014,8:30,19:00
Larry Lolcode,31,28.3.2014,6:00,16:00
Larry Lolcode,31,30.3.2014,8:00,16:00
Scott Scala,22,2.3.2014,6:00,14:00
Janet Java,12,3.3.2014,9:30,17:00
Scott Scala,22,3.3.2014,8:15,16:00
Larry Lolcode,32,3.3.2014,18:00,19:00
Janet Java,12,4.3.2014,9:45,16:30
Scott Scala,22,4.3.2014,8:30,16:30
Janet Java,12,5.3.2014,8:00,16:30
Scott Scala,22,5.3.2014,9:00,17:00
Janet Java,12,6.3.2014,8:00,12:00
Janet Java,12,6.3.2014,16:00,22:00
Scott Scala,22,6.3.2014,8:15,17:00
Larry Lolcode,32,6.3.2014,5:00,10:00
Janet Java,12,7.3.2014,9:00,17:00
Scott Scala,22,7.3.2014,8:15,17:00
Larry Lolcode,32,7.3.2014,5:00,10:00
Scott Scala,22,9.3.2014,14:00,16:00
Janet Java,12,10.3.2014,8:45,16:45
Scott Scala,22,10.3.2014,8:15,16:15
Scott Scala,22,10.3.2014,22:00,23:00
Larry Lolcode,32,10.3.2014,8:00,16:00
Janet Java,12,11.3.2014,9:00,17:30
Scott Scala,22,11.3.2014,8:30,17:00
Janet Java,12,12.3.2014,16:00,2:00
Scott Scala,22,12.3.2014,9:00,17:30
Larry Lolcode,32,12.3.2014,12:30,12:45
Janet Java,12,13.3.2014,10:00,15:00
Scott Scala,22,13.3.2014,14:00,1:15
Larry Lolcode,32,13.3.2014,10:00,11:00
Janet Java,12,14.3.2014,9:00,17:00
Scott Scala,22,14.3.2014,9:30,17:00
Larry Lolcode,32,14.3.2014,8:45,15:45
Larry Lolcode,32,15.3.2014,9:00,10:15
Larry Lolcode,32,15.3.2014,12:30,13:15
Larry Lolcode,32,15.3.2014,15:30,17:15
Janet Java,12,16.3.2014,8:00,22:00
Janet Java,12,17.3.2014,8:45,16:45
Scott Scala,22,17.3.2014,8:30,16:30
Larry Lolcode,32,17.3.2014,8:30,15:30
Janet Java,12,18.3.2014,9:30,16:30
Scott Scala,22,18.3.2014,8:30,16:30
Larry Lolcode,32,18.3.2014,9:00,15:45
Janet Java,12,19.3.2014,9:30,16:30
Scott Scala,22,19.3.2014,12:00,14:00
Larry Lolcode,32,19.3.2014,8:30,15:45
Janet Java,12,20.3.2014,2:00,6:00
Janet Java,12,20.3.2014,10:00,19:00
Scott Scala,22,20.3.2014,12:00,14:00
Larry Lolcode,32,20.3.2014,1:00,3:00
Janet Java,12,21.3.2014,8:15,16:15
Scott Scala,22,21.3.2014,10:00,18:00
Larry Lolcode,32,21.3.2014,6:00,17:00
Scott Scala,22,23.3.2014,14:00,14:30
Scott Scala,22,23.3.2014,15:00,15:15
Janet Java,12,24.3.2014,8:45,16:30
Scott Scala,22,24.3.2014,22:00,6:00
Janet Java,12,25.3.2014,9:30,18:30
Scott Scala,22,25.3.2014,9:30,17:30
Larry Lolcode,32,25.3.2014,9:00,16:00
Janet Java,12,26.3.2014,9:30,16:45
Scott Scala,22,26.3.2014,10:00,18:00
Larry Lolcode,32,26.3.2014,0:30,24:00
Janet Java,12,27.3.2014,9:00,16:45
Scott Scala,22,27.3.2014,9:00,17:00
Janet Java,12,28.3.2014,10:00,14:00
Scott Scala,22,28.3.2014,8:30,19:00
Larry Lolcode,32,28.3.2014,6:00,16:00
Larry Lolcode,32,30.3.2014,8:00,16:00
Scott Scala,23,2.3.2014,6:00,14:00
Janet Java,13,3.3.2014,9:30,17:00
Scott Scala,23,3.3.2014,8:15,16:00
Larry Lolcode,33,3.3.2014,18:00,19:00
Janet Java,13,4.3.2014,9:45,16:30
Scott Scala,23,4.3.2014,8:30,16:30
Janet Java,13,5.3.2014,8:00,16:30
Scott Scala,23,5.3.2014,9:00,17:00
Janet Java,13,6.3.2014,8:00,12:00
Janet Java,13,6.3.2014,16:00,22:00
Scott Scala,23,6.3.2014,8:15,17:00
Larry Lolcode,33,6.3.2014,5:00,10:00
Janet Java,13,7.3.2014,9:00,17:00
Scott Scala,23,7.3.2014,8:15,17:00
Larry Lolcode,33,7.3.2014,5:00,10:00
Scott Scala,23,9.3.2014,14:00,16:00
Janet Java,13,10.3.2014,8:45,16:45
Scott Scala,23,10.3.2014,8:15,16:15
Scott Scala,23,10.3.2014,22:00,23:00
Larry Lolcode,33,10.3.2014,8:00,16:00
Janet Java,13,11.3.2014,9:00,17:30
Scott Scala,23,11.3.2014,8:30,17:00
Janet Java,13,12.3.2014,16:00,2:00
Scott Scala,23,12.3.2014,9:00,17:30
Larry Lolcode,33,12.3.2014,12:30,12:45
Janet Java,13,13.3.2014,10:00,15:00
Scott Scala,23,13.3.2014,14:00,1:15
Larry Lolcode,33,13.3.2014,10:00,11:00
Janet Java,13,14.3.2014,9:00,17:00
Scott Scala,23,14.3.2014,9:30,17:00
Larry Lolcode,33,14.3.2014,8:45,15:45
Larry Lolcode,33,15.3.2014,9:00,10:15
Larry Lolcode,33,15.3.2014,12:30,13:15
Larry Lolcode,33,15.3.2014,15:30,17:15
Janet Java,13,16.3.2014,8:00,22:00
Janet Java,13,17.3.2014,8:45,16:45
Scott Scala,23,17.3.2014,8:30,16:30
Larry Lolcode,33,17.3.2014,8:30,15:30
Janet Java,13,18.3.2014,9:30,16:30
Scott Scala,23,18.3.2014,8:30,16:30
Larry Lolcode,33,18.3.2014,9:00,15:45
Janet Java,13,19.3.2014,9:30,16:30
Scott Scala,23,19.3.2014,12:00,14:00
Larry Lolcode,33,19.3.2014,8:30,15:45
Janet Java,13,20.3.2014,2:00,6:00
Janet Java,13,20.3.2014,10:00,19:00
Scott Scala,23,20.3.2014,12:00,14:00
Larry Lolcode,33,20.3.2014,1:00,3:00
Janet Java,13,21.3.2014,8:15,16:15
Scott Scala,23,21.3.2014,10:00,18:00
Larry Lolcode,33,21.3.2014,6:00,17:00
Scott Scala,23,23.3.2014,14:00,14:30
Scott Scala,23,23.3.2014,15:00,15:15
Janet Java,13,24.3.2014,8:45,16:30
Scott Scala,23,24.3.2014,22:00,6:00
Janet Java,13,25.3.2014,9:30,18:30
Scott Scala,23,25.3.2014,9:30,17:30
Larry Lolcode,33,25.3.2014,9:00,16:00
Janet Java,13,26.3.2014,9:30,16:45
Scott Scala,23,26.3.2014,10:00,18:00
Larry Lolcode,33,26.3.2014,0:30,24:00
Janet Java,13,27.3.2014,9:00,16:45
Scott Scala,23,27.3.2014,9:00,17:00
Janet Java,13,28.3.2014,10:00,14:00
Scott Scala,23,28.3.2014,8:30,19:00
Larry Lolcode,33,28.3.2014,6:00,16:00
Larry Lolcode,33,30.3.2014,8:00,16:00
Scott Scala,24,2.3.2014,6:00,14:00
Janet Java,14,3.3.2014,9:30,17:00
Scott Scala,24,3.3.2014,8:15,16:00
Larry Lolcode,34,3.3.2014,18:00,19:00
Janet Java,14,4.3.2014,9:45,16:30
Scott Scala,24,4.3.2014,8:30,16:30
Janet Java,14,5.3.2014,8:00,16:30
Scott Scala,24,5.3.2014,9:00,17:00
Janet Java,14,6.3.2014,8:00,12:00
Janet Java,14,6.3.2014,16:00,22:00
Scott Scala,24,6.3.2014,8:15,17:00
Larry Lolcode,34,6.3.2014,5:00,10:00
Janet Java,14,7.3.2014,9:00,17:00
Scott Scala,24,7.3.2014,8:15,17:00
Larry Lolcode,34,7.3.2014,5:00,10:00
Scott Scala,24,9.3.2014,14:00,16:00
Janet Java,14,10.3.2014,8:45,16:45
Scott Scala,24,10.3.2014,8:15,16:15
Scott Scala,24,10.3.2014,22:00,23:00
Larry Lolcode,34,10.3.2014,8:00,16:00
Janet Java,14,11.3.2014,9:00,17:30
Scott Scala,24,11.3.2014,8:30,17:00
Janet Java,14,12.3.2014,16:00,2:00
Scott Scala,24,12.3.2014,9:00,17:30
Larry Lolcode,34,12.3.2014,12:30,12:45
Janet Java,14,13.3.2014,10:00,15:00
Scott Scala,24,13.3.2014,14:00,1:15
Larry Lolcode,34,13.3.2014,10:00,11:00
Janet Java,14,14.3.2014,9:00,17:00
Scott Scala,24,14.3.2014,9:30,17:00
Larry Lolcode,34,14.3.2014,8:45,15:45
Larry Lolcode,34,15.3.2014,9:00,10:15
Larry Lolcode,34,15.3.2014,12:30,13:15
Larry Lolcode,34,15.3.2014,15:30,17:15
Janet Java,14,16.3.2014,8:00,22:00
Janet Java,14,17.3.2014,8:45,16:45
Scott Scala,24,17.3.2014,8:30,16:30
Larry Lolcode,34,17.3.2014,8:30,15:30
Janet Java,14,18.3.2014,9:30,16:30
Scott Scala,24,18.3.2014,8:30,16:30
Larry Lolcode,34,18.3.2014,9:00,15:45
Janet Java,14,19.3.2014,9:30,16:30
Scott Scala,24,19.3.2014,12:00,14:00
Larry Lolcode,34,19.3.2014,8:30,15:45
Janet Java,14,20.3.2014,2:00,6:00
Janet Java,14,20.3.2014,10:00,19:00
Scott Scala,24,20.3.2014,12:00,14:00
Larry Lolcode,34,20.3.2014,1:00,3:00
Janet Java,14,21.3.2014,8:15,16:15
Scott Scala,24,21.3.2014,10:00,18:00
Larry Lolcode,34,21.3.2014,6:00,17:00
Scott Scala,24,23.3.2014,14:00,14:30
Scott Scala,24,23.3.2014,15:00,15:15
Janet Java,14,24.3.2014,8:45,16:30
Scott Scala,24,24.3.2014,22:00,6:00
Janet Java,14,25.3.2014,9:30,18:30
Scott Scala,24,25.3.2014,9:30,17:30
Larry Lolcode,34,25.3.2014,9:00,16:00
Janet Java,14,26.3.2014,9:30,16:45
Scott Scala,24,26.3.2014,10:00,18:00
Larry Lolcode,34,26.3.2014,0:30,24:00
Janet Java,14,27.3.2014,9:00,16:45
Scott Scala,24,27.3.2014,9:00,17:00
Janet Java,14,28.3.2014,10:00,14:00
Scott Scala,24,28.3.2014,8:30,19:00
Larry Lolcode,34,28.3.2014,6:00,16:00
Larry Lolcode,34,30.3.2014,8:00,16:00
Scott Scala,2,2.3.2014,6:00,14:00
Janet Java,1,3.3.2014,9:30,17:00
Scott Scala,2,3.3.2014,8:15,16:00
Larry Lolcode,3,3.3.2014,18:00,19:00
Janet Java,1,4.3.2014,9:45,16:30
Scott Scala,2,4.3.2014,8:30,16:30
Janet Java,1,5.3.2014,8:00,16:30
Scott Scala,2,5.3.2014,9:00,17:00
Janet Java,1,6.3.2014,8:00,12:00
Janet Java,1,6.3.2014,16:00,22:00
Scott Scala,2,6.3.2014,8:15,17:00
Larry Lolcode,3,6.3.2014,5:00,10:00
Janet Java,1,7.3.2014,9:00,17:00
Scott Scala,2,7.3.2014,8:15,17:00
Larry Lolcode,3,7.3.2014,5:00,10:00
Scott Scala,2,9.3.2014,14:00,16:00
Janet Java,1,10.3.2014,8:45,16:45
Scott Scala,2,10.3.2014,8:15,16:15
Scott Scala,2,10.3.2014,22:00,23:00
Larry Lolcode,3,10.3.2014,8:00,16:00
Janet Java,1,11.3.2014,9:00,17:30
Scott Scala,2,11.3.2014,8:30,17:00
Janet Java,1,12.3.2014,16:00,2:00
Scott Scala,2,12.3.2014,9:00,17:30
Larry Lolcode,3,12.3.2014,12:30,12:45
Janet Java,1,13.3.2014,10:00,15:00
Scott Scala,2,13.3.2014,14:00,1:15
Larry Lolcode,3,13.3.2014,10:00,11:00
Janet Java,1,14.3.2014,9:00,17:00
Scott Scala,2,14.3.2014,9:30,17:00
Larry Lolcode,3,14.3.2014,8:45,15:45
Larry Lolcode,3,15.3.2014,9:00,10:15
Larry Lolcode,3,15.3.2014,12:30,13:15
Larry Lolcode,3,15.3.2014,15:30,17:15
Janet Java,1,16.3.2014,8:00,22:00
Janet Java,1,17.3.2014,8:45,16:45
Scott Scala,2,17.3.2014,8:30,16:30
Larry Lolcode,3,17.3.2014,8:30,15:30
Janet Java,1,18.3.2014,9:30,16:30
Scott Scala,2,18.3.2014,8:30,16:30
Larry Lolcode,3,18.3.2014,9:00,15:45
Janet Java,1,19.3.2014,9:30,16:30
Scott Scala,2,19.3.2014,12:00,14:00
Larry Lolcode,3,19.3.2014,8:30,15:45
Janet Java,1,20.3.2014,2:00,6:00
Janet Java,1,20.3.2014,10:00,19:00
Scott Scala,2,20.3.2014,12:00,14:00
Larry Lolcode,3,20.3.2014,1:00,3:00
Janet Java,1,21.3.2014,8:15,16:15
Scott Scala,2,21.3.2014,10:00,18:00
Larry Lolcode,3,21.3.2014,6:00,17:00
Scott Scala,2,23.3.2014,14:00,14:30
Scott Scala,2,23.3.2014,15:00,15:15
Janet Java,1,24.3.2014,8:45,16:30
Scott Scala,2,24.3.2014,22:00,6:00
Janet Java,1,25.3.2014,9:30,18:30
Scott Scala,2,25.3.2014,9:30,17:30
Larry Lolcode,3,25.3.2014,9:00,16:00
Janet Java,1,26.3.2014,9:30,16:45
Scott Scala,2,26.3.2014,10:00,18:00
Larry Lolcode,3,26.3.2014,0:30,24:00
Janet Java,1,27.3.2014,9:00,16:45
Scott Scala,2,27.3.2014,9:00,17:00
Janet Java,1,28.3.2014,10:00,14:00
Scott Scala,2,28.3.2014,8:30,19:00
Larry Lolcode,3,28.3.2014,6:00,16:00
Larry Lolcode,3,30.3.2014,8:00,16:00
